{
    "lr": 0.00042226617939427767,
    "dropout": 0.32591601890790456,
    "weight_decay": 0.0009876263395982485
}